community_area,latitude,longitude
1,42.0084319763,-87.67134002
2,41.9975945687,-87.6924918854
3,41.968064232,-87.659158699
4,41.9684826896,-87.6877790794
5,41.949575803,-87.68204678320001
6,41.9431924725,-87.6545472491
7,41.92362143785,-87.64885553335
8,41.8947543686,-87.6290005815
9,42.0031873913,-87.8123055019
10,41.988597090149995,-87.7980962448
11,41.976748839,-87.7696981962
12,41.9929494439,-87.7494776086
13,41.9831423241,-87.7135280084
14,41.9682195646,-87.7181163211
15,41.9532952828,-87.7570018903
16,41.95386031065,-87.72511425375001
17,41.9454869512,-87.8051387198
18,41.92818019725,-87.80063792515
19,41.9279270333,-87.7613987487
20,41.92426029955,-87.73468193400001
21,41.9385697153,-87.7126653779
22,41.9236952552,-87.6981981804
23,41.902575596450006,-87.724120278
24,41.9013779475,-87.6738109435
25,41.89595112435,-87.75845693779999
26,41.8807799749,-87.72662790334999
27,41.883905097,-87.7058115699
28,41.8819943382,-87.6512520776
29,41.859409315700006,-87.7217306064
30,41.84442226065,-87.71127639779999
31,41.853506234099996,-87.664542382
32,41.8819215626,-87.6285823402
33,41.8579908204,-87.623938823
34,41.851239689850004,-87.6332540196
35,41.831912648750006,-87.62033881935
36,41.8204134865,-87.6027606278
37,41.813938902450005,-87.63189562049999
38,41.8096159261,-87.6168584621
39,41.8097752938,-87.5969555534
40,41.7942411681,-87.62289405565
41,41.799073179450005,-87.5895601165
42,41.7799265043,-87.6056792656
43,41.7626237722,-87.57613465234999
44,41.7430714376,-87.6107356131
45,41.7440683548,-87.585945067
46,41.739048286400006,-87.5516188566
47,41.7259581808,-87.5973745624
48,41.734825057799995,-87.5846153576
49,41.70441917435,-87.62114226675
50,41.705916515,-87.5992015874
51,41.715072948,-87.5666427933
52,41.7028018114,-87.5354264877
53,41.677903416250004,-87.640643068
54,41.6541785742,-87.6094447116
55,41.653807471449994,-87.54675704799999
56,41.794661111850004,-87.7554300183
57,41.807705490450005,-87.7260437419
58,41.81457059725,-87.6984051982
59,41.8305526095,-87.6702717239
60,41.83712339555,-87.6464802327
61,41.8194414263,-87.6653755449
62,41.7965871536,-87.7234437408
63,41.79471403545,-87.696497257
64,41.7779389216,-87.7699725773
65,41.7784680817,-87.72297278725
66,41.778924106,-87.694862912
67,41.7791797766,-87.6642937123
68,41.7780605238,-87.6445569518
69,41.7585420417,-87.6180519483
70,41.7461302961,-87.707211112
71,41.7456189628,-87.65926011055001
72,41.71083222,-87.6801701597
73,41.72117213995,-87.6495189146
74,41.6915550254,-87.7025642415
75,41.6916735511,-87.6713067632
76,42.008750766,-87.906874134
77,41.98468490615,-87.66336271419999
