market_rank,community_area,community_area_name,market_segment,market_score,population,population_percentile,median_income,income_percentile,restaurant_businesses,restaurant_density,competition_percentile,transit_share
1,10,Norwood Park,High Opportunity,71.72413793103448,39839.7773897861,34.48275862068966,110554.415365378,75.86206896551724,43,10.793232999094045,96.55172413793103,8.629371573396009
2,2,West Ridge,Large Market,71.0344827586207,78373.0,89.65517241379311,70823.3718054411,27.586206896551722,105,13.397471067842242,89.65517241379311,13.368236095671818
3,15,Portage Park,Large Market,67.58620689655172,63031.0,72.41379310344827,90360.6753069577,51.724137931034484,97,15.389252907299584,75.86206896551724,15.495739311706837
4,70,Ashburn,Emerging Market,65.86206896551724,42007.0,44.827586206896555,82235.3603603604,41.37931034482759,45,10.712500297569454,100.0,9.683503271055578
5,24,West Town,Competitive Market,62.41379310344827,88164.0,93.10344827586206,141208.345620761,96.55172413793103,380,43.10149267274625,13.793103448275861,29.211247964154342
6,8,Near North Side,Competitive Market,61.0344827586207,107331.0,100.0,124208.228503774,89.65517241379311,497,46.30535446422749,10.344827586206897,25.010839147057663
7,17,Dunning,Emerging Market,60.34482758620689,41233.0,37.93103448275862,87410.674408218,48.275862068965516,58,14.066403123711591,86.20689655172413,8.236250338661609
8,6,Lake View,Competitive Market,59.310344827586206,102827.0,96.55172413793103,105498.972954468,68.96551724137932,357,34.718507784920305,24.137931034482758,46.73927392739274
9,22,Logan Square,Competitive Market,58.96551724137931,71192.0,82.75862068965517,107915.53133515,72.41379310344827,245,34.413979098775144,31.03448275862069,29.984287167190583
10,56,Garfield Ridge,High Opportunity,57.93103448275862,36732.0,31.03448275862069,96218.1903864279,65.51724137931035,66,17.96798431885005,72.41379310344827,8.255284987958255
11,7,Lincoln Park,Competitive Market,57.58620689655173,67987.0,75.86206896551724,137914.098613251,93.10344827586206,268,39.41930074867253,17.24137931034483,40.64473130349376
12,19,Belmont Cragin,Large Market,56.20689655172414,72088.0,86.20689655172413,68284.2132239877,13.793103448275861,131,18.17223393630008,65.51724137931035,11.942248425566127
13,16,Irving Park,Emerging Market,52.06896551724138,53332.0,58.620689655172406,91410.8187134503,55.172413793103445,120,22.50056251406285,44.827586206896555,21.07149256405662
14,3,Uptown,Large Market,50.689655172413794,56344.0,65.51724137931035,70066.8316831683,20.689655172413794,110,19.522930569359648,62.06896551724138,41.7184629216997
15,58,Brighton Park,Emerging Market,50.3448275862069,42994.0,51.724137931034484,66070.7269155206,10.344827586206897,64,14.88579801832814,79.3103448275862,13.606445755787565
16,28,Near West Side,Competitive Market,50.3448275862069,68165.0,79.3103448275862,111332.417582418,79.3103448275862,415,60.88168414875669,6.896551724137931,19.104657812797864
17,65,West Lawn,Emerging Market,49.6551724137931,31942.0,10.344827586206897,73122.8765571914,31.03448275862069,40,12.522697389017596,93.10344827586206,12.139393441275582
18,33,Near South Side,Competitive Market,49.310344827586206,30482.0,3.4482758620689653,118169.582772544,82.75862068965517,63,20.66793517485729,58.620689655172406,25.523514066135515
19,5,North Center,Competitive Market,48.275862068965516,36014.0,24.137931034482758,145659.340659341,100.0,124,34.43105458988171,27.586206896551722,24.47643979057592
20,1,Rogers Park,Large Market,47.24137931034483,54173.0,62.06896551724138,60915.7351676698,3.4482758620689653,98,18.0901925313348,68.96551724137932,32.89152135194466
21,77,Edgewater,Emerging Market,47.241379310344826,56563.0,68.96551724137932,70548.9700738438,24.137931034482758,124,21.922458144016407,48.275862068965516,37.117443723126215
22,14,Albany Park,Emerging Market,46.55172413793103,45538.0,55.172413793103445,86513.0151843818,44.827586206896555,112,24.594843866660813,41.37931034482759,22.917756742615232
23,4,Lincoln Square,Emerging Market,43.793103448275865,41651.0,41.37931034482759,92490.4761904762,58.620689655172406,119,28.570742599217308,34.48275862068966,29.41801753919745
24,63,Gage Park,Emerging Market,43.44827586206897,36081.0,27.586206896551722,63701.6679302502,6.896551724137931,51,14.13486322441174,82.75862068965517,18.507462686567163
25,32,The Loop,Competitive Market,41.72413793103448,42550.0,48.275862068965516,119470.667565745,86.20689655172413,388,91.18683901292596,3.4482758620689653,21.90702588483888
26,21,Avondale,Competitive Market,40.0,35533.0,20.689655172413794,93915.7824933687,62.06896551724138,100,28.14285312244955,37.93103448275862,24.89055659787367
27,60,Bridgeport,Emerging Market,37.58620689655173,33638.4836065574,17.24137931034483,74609.5067002328,34.48275862068966,70,20.809499268377955,55.172413793103445,19.73312574771327
28,41,Hyde Park,Emerging Market,27.93103448275862,30599.0,6.896551724137931,69838.1174899866,17.24137931034483,66,21.56933233112193,51.724137931034484,21.96995856353591
29,31,Lower West Side,Emerging Market,23.79310344827586,33446.0,13.793103448275861,80267.0623145401,37.93103448275862,123,36.77569814028583,20.689655172413794,26.351886045898183
