community_area,community_area_name,population,restaurant_businesses,restaurant_density,population_per_restaurant,median_income,per_capita_income,unemployment,transit_commuters,total_commuters,transit_share,crime_count
32,The Loop,42550.0,388,91.18683901292597,109.66494845360825,119470.667565745,99109.1753701528,1634.0,4147.0,18930.0,21.90702588483888,208013
34,Armour Square,13884.5163934426,105,75.62380786239667,132.2334894613581,45340.3379787117,30367.9409650212,760.399200266578,645.309230256581,5368.70443185605,12.019831571049759,31252
28,Near West Side,68165.0,415,60.88168414875669,164.25301204819277,111332.417582418,87447.4711362136,2857.0,6013.0,31474.0,19.104657812797864,253839
37,Fuller Park,2344.57831325301,12,51.181911613566335,195.3815261044175,20239.6645761899,16779.0065159301,201.32273262662,187.544169611307,620.180212014134,30.240269840636717,26223
8,Near North Side,107331.0,497,46.305354464227484,215.95774647887325,124208.228503774,121129.269195293,2580.0,12691.0,50742.0,25.010839147057663,291503
24,West Town,88164.0,380,43.10149267274625,232.01052631578946,141208.345620761,93905.7515198947,2516.90846942651,11566.6399544246,39596.5279149259,29.211247964154346,236488
7,Lincoln Park,67987.0,268,39.41930074867253,253.68283582089552,137914.098613251,114443.810831482,1977.0,11587.0,28508.0,40.64473130349376,125497
31,Lower West Side,33446.0,123,36.77569814028583,271.9186991869919,80267.0623145401,44128.6365185672,1425.0,3996.0,15164.0,26.351886045898183,80692
6,Lake View,102827.0,357,34.718507784920305,288.03081232492997,105498.972954468,90815.4150077314,2553.0,21243.0,45450.0,46.73927392739274,167184
5,North Center,36014.0,124,34.43105458988171,290.43548387096774,145659.340659341,89450.9269450769,844.0,3179.0,12988.0,24.476439790575917,47005
22,Logan Square,71192.0,245,34.413979098775144,290.5795918367347,107915.53133515,72416.5074025171,2181.09153057349,9315.36004557539,31067.4720850741,29.984287167190583,165745
57,Archer Heights,13414.0,44,32.80155061875652,304.8636363636364,67012.1951219512,27740.6826449978,810.0,862.0,5589.0,15.423152621220254,29490
4,Lincoln Square,41651.0,119,28.570742599217308,350.00840336134456,92490.4761904762,63079.3457780125,1434.0,5535.0,18815.0,29.41801753919745,58269
21,Avondale,35533.0,100,28.14285312244955,355.33,93915.7824933687,51171.0290715673,1387.0,3980.0,15990.0,24.89055659787367,74336
76,O'Hare,14393.9823434992,40,27.789390764443535,359.84955858748,83115.610711953,48739.0613165324,380.494372990354,742.529474812433,7209.16077170418,10.299804628117704,49203
14,Albany Park,45538.0,112,24.594843866660813,406.5892857142857,86513.0151843818,42952.072444991,1911.0,4818.0,21023.0,22.917756742615232,72534
13,North Park,18356.0,44,23.970363913706688,417.1818181818182,77173.1805929919,38514.0027783831,340.0,1244.0,6478.0,19.203457857363386,27459
16,Irving Park,53332.0,120,22.50056251406285,444.43333333333334,91410.8187134503,55143.7740568514,2123.0,4704.0,22324.0,21.07149256405662,89613
50,Pullman,6744.0,15,22.24199288256228,449.6,62475.3694581281,33535.7670521945,448.0,448.0,2471.0,18.13031161473088,32896
77,Edgewater,56563.0,124,21.922458144016407,456.1532258064516,70548.9700738438,55919.3657161042,2795.0,8805.0,23722.0,37.117443723126215,82986
41,Hyde Park,30599.0,66,21.569332331121934,463.6212121212121,69838.1174899866,62330.1718683617,1175.0,2545.0,11584.0,21.96995856353591,54833
45,Avalon Park,9024.43655227454,19,21.05394601639833,474.9703448565547,57862.600560814,35760.7924301305,649.776923076923,887.349358974359,3715.05961538461,23.88519837742884,40583
60,Bridgeport,33638.4836065574,70,20.809499268377955,480.54976580796284,74609.5067002328,42195.8687685723,1133.60079973342,2999.69076974342,15201.295568144,19.73312574771327,51555
33,Near South Side,30482.0,63,20.66793517485729,483.8412698412698,118169.582772544,92902.3760908077,883.0,3620.0,14183.0,25.523514066135515,64479
55,Hegewisch,8927.12325475588,18,20.163270391064213,495.9512919308822,65810.5654143689,33804.2946323683,366.259172285515,383.608439897698,3230.54684956987,11.874411911059992,18572
69,Greater Grand Crossing,29143.0,58,19.901863226160653,502.4655172413793,37961.5825688073,25868.0170195244,2303.0,2775.0,9676.0,28.67920628358826,200463
3,Uptown,56344.0,110,19.522930569359648,512.2181818181818,70066.8316831683,56153.4295577169,1846.0,10672.0,25581.0,41.718462921699704,120360
19,Belmont Cragin,72088.0,131,18.172233936300078,550.2900763358779,68284.2132239877,26697.5809011209,2056.0,3565.0,29852.0,11.942248425566127,146944
1,Rogers Park,54173.0,98,18.090192531334797,552.7857142857143,60915.7351676698,40137.3767928673,2422.0,7941.0,24143.0,32.89152135194466,124791
56,Garfield Ridge,36732.0,66,17.96798431885005,556.5454545454545,96218.1903864279,40409.5961831645,678.0,1234.0,14948.0,8.255284987958255,66559
72,Beverly,19521.0,35,17.929409354028994,557.7428571428571,132096.541786744,62791.0600891348,847.0,1270.0,7342.0,17.2977390356851,29467
51,South Deering,12854.0,23,17.89326279757274,558.8695652173913,39340.0,24276.1177065505,893.0,899.0,4384.0,20.506386861313867,53834
59,McKinley Park,14854.0,26,17.503702706341727,571.3076923076923,79959.7855227882,38236.9645213411,680.0,1198.0,6510.0,18.402457757296467,32582
38,Grand Boulevard,25181.0,44,17.473491918509986,572.2954545454545,50075.1072961373,38990.0875263095,2267.0,2019.0,8015.0,25.190268247036805,111987
20,Hermosa,22576.0,38,16.832034018426647,594.1052631578947,70766.632016632,29153.7815379164,644.0,1289.0,10105.0,12.756061355764473,47944
61,New City,40065.421686747,66,16.473057619616103,607.051843738591,55496.9397907154,23861.400852822,2437.67726737338,2020.45583038869,14249.8197879859,14.178816718034199,158200
64,Clearing,23629.0,38,16.081933217656267,621.8157894736842,78436.8884540117,36072.1789749884,815.0,694.0,9836.0,7.055713704758032,32332
44,Chatham,29941.5634477255,48,16.031226987796558,623.7825718276146,43564.0710011244,31387.8603332125,2509.22307692308,3153.65064102564,10325.9403846154,30.541050243949293,177654
15,Portage Park,63031.0,97,15.389252907299584,649.8041237113403,90360.6753069577,43196.4775427964,1763.0,4237.0,27343.0,15.495739311706835,101924
11,Jefferson Park,26649.0,40,15.009944087958273,666.225,96869.590305828,49736.0818041953,804.0,1883.0,11755.0,16.018715440238196,32098
58,Brighton Park,42994.0,64,14.88579801832814,671.78125,66070.7269155206,26469.6600688468,1698.0,2398.0,17624.0,13.606445755787563,76678
63,Gage Park,36081.0,51,14.13486322441174,707.4705882352941,63701.6679302502,23727.8997810482,1975.0,2542.0,13735.0,18.507462686567163,73598
17,Dunning,41233.0,58,14.066403123711591,710.9137931034483,87410.674408218,42970.8440326923,1258.0,1520.0,18455.0,8.236250338661609,49863
18,Montclare,14280.0,20,14.005602240896359,714.0,72339.7435897436,31437.6226190476,409.0,327.0,5658.0,5.779427359490986,19406
62,West Elsdon,17901.0,25,13.965700240210044,716.04,75895.225464191,32470.5061728395,548.0,1230.0,6952.0,17.692750287686994,30972
52,East Side,22612.8767452441,31,13.709003214957985,729.447636943358,61942.4586554728,26714.561666897,1092.74082771449,593.391560102302,8566.45315043013,6.9269223759486405,40246
74,Mount Greenwood,19059.0,26,13.641848995225352,733.0384615384615,115423.076923077,51851.2684296133,407.0,374.0,8118.0,4.607046070460704,17953
2,West Ridge,78373.0,105,13.397471067842242,746.4095238095238,70823.3718054411,34688.022086688,2722.0,3728.0,27887.0,13.368236095671818,104151
23,Humboldt Park,56153.0,75,13.356365643865866,748.7066666666667,56531.190926276,27541.7028653856,2809.0,5303.0,20839.0,25.447478285906232,247278
26,West Garfield Park,15096.0,19,12.586115527291998,794.5263157894736,38641.7322834646,21155.7835188129,1311.0,1329.0,5078.0,26.171721150059078,148206
65,West Lawn,31942.0,40,12.522697389017596,798.55,73122.8765571914,26507.6733141319,1197.0,1477.0,12167.0,12.139393441275582,59077
75,Morgan Park,20872.7142857143,25,11.97735936869049,834.908571428572,70807.5093721847,39689.1091240102,904.43681880109,657.033719346049,7283.86852861035,9.020395093147032,63826
68,Englewood,23195.0,27,11.64043974994611,859.074074074074,31396.8253968254,19905.7124380254,2246.0,1459.0,6361.0,22.936645181575223,204365
48,Calumet Heights,11229.0,13,11.577166265918605,863.7692307692307,65978.0621572212,40399.1065989848,545.0,539.0,2905.0,18.55421686746988,43952
10,Norwood Park,39839.7773897861,43,10.793232999094043,926.506450925258,110554.415365378,51350.7285586866,906.430763542244,1454.79071917175,16858.5940099834,8.629371573396009,35425
70,Ashburn,42007.0,45,10.712500297569454,933.4888888888889,82235.3603603604,30808.3902206775,2055.0,1643.0,16967.0,9.683503271055578,72727
35,Douglas,21088.0,22,10.432473444613048,958.5454545454545,46865.3100775194,36575.2969461305,1668.0,1895.0,6683.0,28.35552895406255,90103
30,South Lawndale,69884.0,72,10.302787476389446,970.6111111111111,54569.4664553619,21848.8559040696,2193.0,4297.0,24875.0,17.274371859296483,134608
66,Chicago Lawn,54409.0,56,10.292414857836018,971.5892857142857,53852.4590163934,24221.2522928192,2877.0,2870.0,20147.0,14.245297066560777,191943
27,East Garfield Park,20731.0,21,10.129757368192562,987.1904761904761,37170.3296703297,24057.0802662679,1692.0,1542.0,6573.0,23.45960748516659,147753
73,Washington Heights,24851.0,25,10.059957345780854,994.04,68129.4642857143,31874.4996579614,1487.0,1730.0,8680.0,19.930875576036865,95517
40,Washington Park,12313.0,12,9.745797124989847,1026.0833333333333,35737.1794871795,22395.8013481686,1040.0,1082.0,3996.0,27.077077077077078,84464
42,Woodlawn,23801.0,23,9.663459518507626,1034.8260869565217,39802.036199095,27109.2236880803,1466.61483906165,1876.81069285325,7966.44680851064,23.558943377971634,127906
12,Forest Glen,19901.0,19,9.547258931711974,1047.421052631579,131664.937759336,70610.1549670871,425.0,915.0,7674.0,11.923377638780297,14974
9,Edison Park,11558.0,11,9.517217511680222,1050.7272727272727,128066.037735849,66773.3695275999,222.0,443.0,5036.0,8.796664019062748,8049
71,Auburn Gresham,43779.0,41,9.365220767948102,1067.780487804878,47170.4658077304,25519.7793919459,3377.0,3392.0,13551.0,25.031362999040663,225422
25,Austin,97452.0,85,8.722242745146328,1146.4941176470588,47532.5732899023,25316.1341994007,6925.0,7227.0,33679.0,21.458475607945605,491315
49,Roseland,36635.0,30,8.188890405350074,1221.1666666666667,48744.8132780083,26997.467121605,2904.0,2209.0,12141.0,18.194547401367267,209989
29,North Lawndale,33958.0,27,7.950998292007775,1257.7037037037037,42220.5882352941,23895.6990105424,2249.0,2555.0,10584.0,24.14021164021164,232721
39,Kenwood,18417.0,14,7.601672367920942,1315.5,64745.8703939009,66442.8083835587,1168.0,1207.0,5853.0,20.621903297454296,48780
43,South Shore,53588.0,40,7.464357692020601,1339.7,44027.9162512463,31376.1336306636,4120.38516093835,5222.18930714675,20453.5531914894,25.5319418501802,265669
53,West Pullman,24549.0,18,7.332274227056091,1363.8333333333333,54430.2848575712,25287.7813352886,2227.0,1120.0,8231.0,13.607095128173977,129325
67,West Englewood,28144.0,20,7.106310403638431,1407.2,38273.4530938124,20873.6943931211,1864.0,2045.0,8290.0,24.668275030156817,220836
46,South Chicago,27551.0,16,5.807411709193859,1721.9375,40515.0214592275,25784.7495916664,1763.0,1338.0,8660.0,15.450346420323324,145759
47,Burnside,2304.0,1,4.340277777777778,2304.0,46691.1764705882,30131.515625,159.0,54.0,439.0,12.300683371298406,11759
54,Riverdale,7518.0,2,2.6602819898909287,3759.0,17638.8888888889,15115.4208566108,784.0,379.0,1609.0,23.555003107520196,36454
36,Oakland,6937.0,0,0.0,,27756.7567567568,37429.049445005,429.0,578.0,1891.0,30.56583818085669,19525
