opportunity_rank,community_area,community_area_name,market_segment,opportunity_score,population,demand_score,restaurant_businesses,restaurant_density,competition_score,median_income,income_score,transit_share,accessibility_score
1,6,Lake View,Moderate,72.24137931034483,102827.0,96.55172413793103,357,34.718507784920305,24.137931034482758,105498.972954468,68.96551724137932,46.73927392739274,100.0
2,24,West Town,Moderate,70.6896551724138,88164.0,93.10344827586206,380,43.10149267274625,13.793103448275861,141208.345620761,96.55172413793103,29.211247964154342,75.86206896551724
3,7,Lincoln Park,Moderate,68.9655172413793,67987.0,75.86206896551724,268,39.41930074867253,17.24137931034483,137914.098613251,93.10344827586206,40.64473130349376,93.10344827586206
4,8,Near North Side,Moderate,68.10344827586206,107331.0,100.0,497,46.30535446422749,10.344827586206897,124208.228503774,89.65517241379311,25.010839147057663,65.51724137931035
5,22,Logan Square,Moderate,67.24137931034483,71192.0,82.75862068965517,245,34.413979098775144,31.03448275862069,107915.53133515,72.41379310344827,29.984287167190583,82.75862068965517
6,2,West Ridge,Moderate,61.0344827586207,78373.0,89.65517241379311,105,13.397471067842242,89.65517241379311,70823.3718054411,27.586206896551722,13.368236095671818,24.137931034482758
7,15,Portage Park,Moderate,59.827586206896555,63031.0,72.41379310344827,97,15.389252907299584,75.86206896551724,90360.6753069577,51.724137931034484,15.495739311706837,31.03448275862069
8,3,Uptown,Moderate,59.6551724137931,56344.0,65.51724137931035,110,19.522930569359648,62.06896551724138,70066.8316831683,20.689655172413794,41.7184629216997,96.55172413793103
9,77,Edgewater,Moderate,56.72413793103449,56563.0,68.96551724137932,124,21.922458144016407,48.275862068965516,70548.9700738438,24.137931034482758,37.117443723126215,89.65517241379311
10,10,Norwood Park,Moderate,55.51724137931035,39839.7773897861,34.48275862068966,43,10.793232999094045,96.55172413793103,110554.415365378,75.86206896551724,8.629371573396009,10.344827586206897
11,1,Rogers Park,Moderate,53.96551724137931,54173.0,62.06896551724138,98,18.0901925313348,68.96551724137932,60915.7351676698,3.4482758620689653,32.89152135194466,86.20689655172413
12,28,Near West Side,Moderate,52.93103448275862,68165.0,79.3103448275862,415,60.88168414875669,6.896551724137931,111332.417582418,79.3103448275862,19.104657812797864,37.93103448275862
13,70,Ashburn,Moderate,51.55172413793104,42007.0,44.827586206896555,45,10.712500297569454,100.0,82235.3603603604,41.37931034482759,9.683503271055578,13.793103448275861
14,16,Irving Park,Moderate,51.55172413793103,53332.0,58.620689655172406,120,22.50056251406285,44.827586206896555,91410.8187134503,55.172413793103445,21.07149256405662,44.827586206896555
15,4,Lincoln Square,Moderate,51.55172413793103,41651.0,41.37931034482759,119,28.570742599217308,34.48275862068966,92490.4761904762,58.620689655172406,29.41801753919745,79.3103448275862
16,5,North Center,Moderate,50.86206896551724,36014.0,24.137931034482758,124,34.43105458988171,27.586206896551722,145659.340659341,100.0,24.47643979057592,58.620689655172406
17,33,Near South Side,Moderate,50.17241379310345,30482.0,3.4482758620689653,63,20.66793517485729,58.620689655172406,118169.582772544,82.75862068965517,25.523514066135515,68.96551724137932
18,19,Belmont Cragin,Moderate,49.13793103448276,72088.0,86.20689655172413,131,18.17223393630008,65.51724137931035,68284.2132239877,13.793103448275861,11.942248425566127,17.24137931034483
19,14,Albany Park,Moderate,49.137931034482754,45538.0,55.172413793103445,112,24.594843866660813,41.37931034482759,86513.0151843818,44.827586206896555,22.917756742615232,55.172413793103445
20,32,The Loop,Moderate,46.551724137931025,42550.0,48.275862068965516,388,91.18683901292596,3.4482758620689653,119470.667565745,86.20689655172413,21.90702588483888,48.275862068965516
21,17,Dunning,Moderate,45.689655172413794,41233.0,37.93103448275862,58,14.066403123711591,86.20689655172413,87410.674408218,48.275862068965516,8.236250338661609,3.4482758620689653
22,56,Garfield Ridge,Moderate,45.172413793103445,36732.0,31.03448275862069,66,17.96798431885005,72.41379310344827,96218.1903864279,65.51724137931035,8.255284987958255,6.896551724137931
23,21,Avondale,Moderate,43.62068965517241,35533.0,20.689655172413794,100,28.14285312244955,37.93103448275862,93915.7824933687,62.06896551724138,24.89055659787367,62.06896551724138
24,58,Brighton Park,Moderate,43.44827586206897,42994.0,51.724137931034484,64,14.88579801832814,79.3103448275862,66070.7269155206,10.344827586206897,13.606445755787565,27.586206896551722
25,65,West Lawn,Moderate,38.27586206896552,31942.0,10.344827586206897,40,12.522697389017596,93.10344827586206,73122.8765571914,31.03448275862069,12.139393441275582,20.689655172413794
26,63,Gage Park,Moderate,37.58620689655173,36081.0,27.586206896551722,51,14.13486322441174,82.75862068965517,63701.6679302502,6.896551724137931,18.507462686567163,34.48275862068966
27,60,Bridgeport,Moderate,35.86206896551724,33638.4836065574,17.24137931034483,70,20.809499268377955,55.172413793103445,74609.5067002328,34.48275862068966,19.73312574771327,41.37931034482759
28,31,Lower West Side,Moderate,33.275862068965516,33446.0,13.793103448275861,123,36.77569814028583,20.689655172413794,80267.0623145401,37.93103448275862,26.351886045898183,72.41379310344827
29,41,Hyde Park,Moderate,29.655172413793103,30599.0,6.896551724137931,66,21.56933233112193,51.724137931034484,69838.1174899866,17.24137931034483,21.96995856353591,51.724137931034484
