community_area,crime_count
0,2684
1,124791
10,35425
11,32098
12,14974
13,27459
14,72534
15,101924
16,89613
17,49863
18,19406
19,146944
2,104151
20,47944
21,74336
22,165745
23,247278
24,236488
25,491315
26,148206
27,147753
28,253839
29,232721
3,120360
30,134608
31,80692
32,208013
33,64479
34,31252
35,90103
36,19525
37,26223
38,111987
39,48780
4,58269
40,84464
41,54833
42,127906
43,265669
44,177654
45,40583
46,145759
47,11759
48,43952
49,209989
5,47005
50,32896
51,53834
52,40246
53,129325
54,36454
55,18572
56,66559
57,29490
58,76678
59,32582
6,167184
60,51555
61,158200
62,30972
63,73598
64,32332
65,59077
66,191943
67,220836
68,204365
69,200463
7,125497
70,72727
71,225422
72,29467
73,95517
74,17953
75,63826
76,49203
77,82986
8,291503
9,8049
